{"achiote": 0, "adobo": 1, "agar": 2, "agave nectar": 3, "ahi tuna": 4, "ajwain": 5, "albacore": 6, "albacore tuna water": 7, "ale": 8, "alfredo": 9, "almond": 10, "almond milk": 11, "almonds": 12, "amaranth": 13, "amarena cherries": 14, "amaretti": 15, "amaretto": 16, "amchur": 17, "aminos": 18, "anaheim chile": 19, "anchovies": 20, "anchovy fillets": 21, "anise": 22, "apple": 23, "apple cider": 24, "apricot": 25, "arame": 26, "arborio rice": 27, "armagnac": 28, "arrowroot": 29, "artichoke": 30, "artichokes": 31, "artificial sweetener": 32, "arugula": 33, "asafoetida": 34, "asiago cheese": 35, "asian chili": 36, "asparagus": 37, "avocado": 38, "baby abalone": 39, "baby arugula": 40, "baby back ribs": 41, "baby beets": 42, "baby bok choy": 43, "baby calamari": 44, "baby carrots": 45, "baby corn": 46, "baby greens": 47, "baby rays barbecue": 48, "back ribs": 49, "bacon": 50, "bagel": 51, "bagels": 52, "baguette": 53, "baklava": 54, "balsamic reduction": 55, "balsamic vinaigrette": 56, "balsamic vinegar": 57, "balsamico bianco": 58, "bamboo fungus": 59, "bamboo shoots": 60, "banana": 61, "banana with peel": 62, "barbecue rub": 63, "barbecue sauce": 64, "barley": 65, "barramundi": 66, "base": 67, "basil": 68, "baton": 69, "bay leaf": 70, "bean": 71, "bean threads": 72, "bean(seed)": 73, "beef": 74, "beer": 75, "beet greens": 76, "beets": 77, "belgian endive": 78, "bell peppers": 79, "berbere": 80, "berries": 81, "berry": 82, "bicarb": 83, "bing cherries": 84, "bird chile": 85, "biscuit dough": 86, "biscuits": 87, "black bean": 88, "black beans": 89, "black fungus": 90, "black pepper": 91, "black sesame seeds": 92, "blackberries": 93, "blood orange": 94, "blue cheese": 95, "blue cheese dressing": 96, "blueberries": 97, "boar": 98, "bocconcini": 99, "bok choy": 100, "bones": 101, "bonito": 102, "bottled clam": 103, "bottom round steak": 104, "bourbon whiskey": 105, "bran": 106, "bread": 107, "bread crumbs": 108, "brie": 109, "brine": 110, "brioche": 111, "brisket": 112, "broccoli": 113, "broth": 114, "brown rice": 115, "brown sugar": 116, "brownie": 117, "brownies": 118, "bruschetta topping": 119, "brussels sprouts": 120, "buckwheat": 121, "buffalo": 122, "bulgur": 123, "bulgur wheat": 124, "bun dog frankfurt": 125, "buns": 126, "burdock": 127, "burger": 128, "burrata": 129, "butter": 130, "buttermilk": 131, "cabbage": 132, "cabernet sauvignon": 133, "cacao": 134, "cacao nibs": 135, "caesar dressing": 136, "caesar salad": 137, "cajeta": 138, "cajun": 139, "cake": 140, "calamari": 141, "california bay": 142, "camembert": 143, "candy": 144, "candy melts": 145, "cannoli": 146, "cannoli shells": 147, "canola": 148, "cantaloupe": 149, "capers": 150, "capon": 151, "capsicum": 152, "caramel": 153, "caraway seeds": 154, "carbonated water": 155, "cardamom": 156, "cardamon": 157, "carob": 158, "carpaccio": 159, "carrot": 160, "cashew": 161, "cashews": 162, "caster": 163, "caster sugar": 164, "cauliflower": 165, "caviar": 166, "cayenne": 167, "cayenne pepper": 168, "celery": 169, "celery root": 170, "cereal": 171, "chaat masala": 172, "challa": 173, "champ": 174, "chard": 175, "chayote squash": 176, "cheddar": 177, "cheddar cheese": 178, "cheese": 179, "cheese pizza": 180, "chenpi": 181, "cherries": 182, "cherry": 183, "cherry tomatoes": 184, "chervil": 185, "chestnut": 186, "chevre cheese": 187, "chia seeds": 188, "chicken": 189, "chicken apple sausage": 190, "chicken breast": 191, "chicken salad": 192, "chicken thighs": 193, "chickpea": 194, "chickpeas": 195, "chiffonade": 196, "chilaquiles": 197, "chile": 198, "chile de arbol": 199, "chile garl sauc": 200, "chiles": 201, "chili": 202, "chili bean": 203, "chinese five-spice": 204, "chip plain tortilla": 205, "chipotle": 206, "chips": 207, "chive": 208, "chives": 209, "chocolate": 210, "chorizo": 211, "chuck roast": 212, "chutney": 213, "ciabatta": 214, "cider": 215, "cilantro": 216, "cilantro root": 217, "cilantro stems": 218, "cinnamon": 219, "citron": 220, "citrus vinaigrette": 221, "clams": 222, "clementine": 223, "cloves": 224, "cocktail": 225, "cocoa": 226, "coconut": 227, "cod": 228, "coffee": 229, "cognac": 230, "coke": 231, "colby": 232, "cold seltzer": 233, "coleslaw": 234, "collards": 235, "compote": 236, "condensed milk": 237, "condiments": 238, "cones": 239, "cooki vanilla wafer": 240, "cookies": 241, "cool whip": 242, "cordial": 243, "coriander": 244, "corn": 245, "corn husks": 246, "corn kernel": 247, "corn kernels": 248, "corn oil": 249, "corn on the cob": 250, "corn starch": 251, "corn syrup": 252, "corn tortillas": 253, "corncobs": 254, "cornflakes": 255, "cornichons": 256, "cornmeal": 257, "cotija": 258, "cottage cheese": 259, "coulis": 260, "country rice": 261, "couscous": 262, "crab": 263, "cracker": 264, "crackers": 265, "cranberries": 266, "cream": 267, "cream cheese": 268, "crema": 269, "crema mexican": 270, "crema mexicana": 271, "creme brulee": 272, "creme de menthe": 273, "creme fraiche": 274, "cremini": 275, "creole": 276, "crepes": 277, "crescent rolls": 278, "cress": 279, "crisco": 280, "croutons": 281, "crumble": 282, "crust": 283, "crusty rolls": 284, "cucumber": 285, "cucumbers": 286, "cumin": 287, "curd": 288, "currant": 289, "curries": 290, "curry": 291, "custard": 292, "cuttlefish": 293, "daikon": 294, "daisy": 295, "dark soy": 296, "dashi": 297, "dashi kombu": 298, "date": 299, "dates": 300, "deli lunch": 301, "demerara sugar": 302, "demi-glace": 303, "dessert": 304, "dijon mustard": 305, "dill": 306, "dinner rolls": 307, "dipping": 308, "dog bun": 309, "dog rolls": 310, "dough": 311, "dressing": 312, "dried gourd strips": 313, "duck": 314, "dukkah": 315, "dulce de leche": 316, "dulse": 317, "dumplings": 318, "dutch cocoa": 319, "ear corn": 320, "edam": 321, "edamame": 322, "edible flowers": 323, "edible gold leaf": 324, "eel": 325, "egg": 326, "egg whites": 327, "eggplant": 328, "eggs": 329, "emmenthal": 330, "enchilada": 331, "endive": 332, "english muffin": 333, "english mustard": 334, "enokitake": 335, "epazote": 336, "equal sweetener": 337, "erythritol": 338, "escargot": 339, "escarole": 340, "espresso": 341, "eye round roast": 342, "fajita": 343, "falafel": 344, "farro": 345, "fennel": 346, "fern": 347, "feta": 348, "feta cheese": 349, "fettuccine": 350, "fig": 351, "figs": 352, "filet": 353, "filet mignon": 354, "fillets": 355, "fish": 356, "flan": 357, "flank steak": 358, "flatbread": 359, "flavoring": 360, "flaxseed": 361, "fleur de sel": 362, "flour": 363, "foie gras": 364, "fontina": 365, "food colouring": 366, "food gel": 367, "frankfurters": 368, "freeze-dried strawberries": 369, "fresno chiles": 370, "fried rice": 371, "fried wonton": 372, "fries": 373, "frisee": 374, "fritos": 375, "frosting": 376, "frozen yogurt": 377, "fruit": 378, "fruit salad": 379, "fudge": 380, "furikake": 381, "fusilli": 382, "fuyu persimmons": 383, "ganache": 384, "garam masala": 385, "garden salad": 386, "gari": 387, "garlic": 388, "gelatin": 389, "gelatin sheet": 390, "gewurztraminer": 391, "ghee": 392, "gin": 393, "ginger": 394, "gizzard": 395, "glace": 396, "glaze": 397, "gluten": 398, "gluten blend": 399, "gluten soy": 400, "gluten-free cracker": 401, "gnocchi": 402, "goat cheese": 403, "gobo root": 404, "gochugaru": 405, "gochujang base": 406, "goji berries": 407, "golden beets": 408, "golden syrup": 409, "gomashio": 410, "goose": 411, "gorgonzola": 412, "gouda": 413, "gow gee wrappers": 414, "grain": 415, "grand marnier": 416, "granola": 417, "grapefruit juice": 418, "grapes": 419, "grappa": 420, "gravy": 421, "greek": 422, "greek dressing": 423, "greek salad": 424, "greek yogurt": 425, "greek-style vinaigrette": 426, "green beans": 427, "green chiles": 428, "green chilli": 429, "green food coloring": 430, "green lentil": 431, "green onions": 432, "green peperoncini": 433, "green tea": 434, "green-tail shrimps": 435, "greens": 436, "gremolata": 437, "grilled chicken": 438, "grits": 439, "ground turkey": 440, "guacamole": 441, "guajillo chiles": 442, "guar gum": 443, "guava": 444, "gyoza": 445, "gyoza wrappers": 446, "habanero": 447, "haddock": 448, "hakusai": 449, "halibut": 450, "ham": 451, "haricots verts": 452, "hash brown": 453, "hash browns": 454, "hazelnut": 455, "helix snails": 456, "herbes de provence": 457, "herbs": 458, "hershey bars": 459, "hershey's kisses": 460, "hijiki": 461, "hoagi roll": 462, "hoagie rolls": 463, "hoisin": 464, "hollandaise": 465, "homemade": 466, "hominy": 467, "honey": 468, "honeydew melons": 469, "horseradish": 470, "hummus": 471, "ice": 472, "ice cones": 473, "ice cream cones": 474, "ice water": 475, "iceberg": 476, "iceberg lettuce": 477, "icing": 478, "ikura": 479, "indian spice": 480, "indonesian sweet soy sauce": 481, "injera": 482, "italian loaf": 483, "italian sausag": 484, "italian vinaigrette": 485, "jaggery": 486, "jalapeno chilies": 487, "jalapenos": 488, "jam": 489, "jams": 490, "japanese soy": 491, "jeera": 492, "jelly": 493, "jicama": 494, "jumbo shells": 495, "jumbo shrimp": 496, "juniper berries": 497, "jus": 498, "kahlua": 499, "kaiser rolls": 500, "kalamata": 501, "kale": 502, "karo": 503, "kashmiri chile": 504, "kasuri methi": 505, "katakuriko": 506, "kefir": 507, "ketchup": 508, "kielbasa": 509, "kimchi": 510, "kirsch": 511, "kiwi": 512, "knockwurst": 513, "knudsen": 514, "konbu": 515, "korean chile": 516, "kraft miracle whip dressing": 517, "ladyfingers": 518, "lager": 519, "lamb": 520, "langoustine": 521, "lard": 522, "lasagna": 523, "laurel": 524, "lavender flowers": 525, "leek": 526, "leeks": 527, "lemon": 528, "lemon juice": 529, "lentils": 530, "less soy": 531, "lettuce": 532, "lily buds": 533, "lily flowers": 534, "lime": 535, "liquor": 536, "lite soy": 537, "liver": 538, "loaf": 539, "lobster": 540, "loin": 541, "longaniza": 542, "lotus root": 543, "louisiana": 544, "louisiana cajun": 545, "lower soy": 546, "lox": 547, "lychee": 548, "m&m's candy": 549, "macaroni": 550, "macarons": 551, "macaroon": 552, "madeira": 553, "malt": 554, "mandarin": 555, "mandarin oranges": 556, "mango": 557, "mangos": 558, "maple": 559, "maple flavoring": 560, "maple glaze": 561, "maple syrup": 562, "margarine": 563, "marinade": 564, "marinara": 565, "marjoram": 566, "marrow": 567, "marsala wine": 568, "marshmallow": 569, "masa harina": 570, "mascarpone": 571, "mashed potatoes": 572, "mayonnaise": 573, "mccormick chili": 574, "mccormick perfect italian": 575, "meat": 576, "melon": 577, "merlot": 578, "microgreens": 579, "mignons": 580, "milk": 581, "millet": 582, "mineral water": 583, "mini bells": 584, "mini candy button eyes": 585, "mini ravioli": 586, "mint": 587, "miso": 588, "mitsuba": 589, "mixed berries": 590, "mixed greens": 591, "mixed nuts": 592, "mixed spice": 593, "molasses": 594, "monterey jack": 595, "mousse": 596, "mozzarella": 597, "mozzarella cheese": 598, "mullet": 599, "multigrain bread": 600, "mung bean sprouts": 601, "mushroom": 602, "mussel": 603, "mustard": 604, "mustard greens": 605, "naan": 606, "nama shoyu": 607, "nasturtium": 608, "natto": 609, "natural cocoa": 610, "natural yogurt": 611, "nectarine": 612, "neufchatel cheese": 613, "nilla wafers": 614, "noodles": 615, "nopales": 616, "nori": 617, "nut": 618, "nut cheese": 619, "nuts": 620, "oatmeal": 621, "oats": 622, "oil": 623, "old bay": 624, "old fashioned stone grits": 625, "olive": 626, "olive oil": 627, "olives": 628, "omelets": 629, "onion": 630, "onions": 631, "orange": 632, "orange juice": 633, "orange with peel": 634, "orecchiette": 635, "oregano": 636, "oreo cookies": 637, "orzo": 638, "oxtail": 639, "oyster": 640, "paella": 641, "pak choi": 642, "palm sugar": 643, "pancetta": 644, "panko": 645, "panna cotta": 646, "papaya": 647, "pappardelle": 648, "paprika": 649, "parmesan": 650, "parmesan cheese": 651, "parmigiano": 652, "parsley": 653, "parsnips": 654, "pasilla chiles": 655, "passata": 656, "pasta": 657, "pasta salad": 658, "pastrami": 659, "pea pods": 660, "pea shoots": 661, "peach": 662, "pear": 663, "pears": 664, "peas": 665, "pecan": 666, "pecans": 667, "pecorino": 668, "peeps": 669, "peperoncini": 670, "pepitas": 671, "pepper": 672, "pepperoni": 673, "pepperoni pizza": 674, "perilla": 675, "pernod": 676, "pesto": 677, "phyllo dough": 678, "phyllo sheets": 679, "pickapeppa": 680, "pickle": 681, "pickles": 682, "pico de gallo": 683, "pie": 684, "pig": 685, "pilaf": 686, "pilsner": 687, "piment d'espelette": 688, "pimenton": 689, "pimenton de la vera": 690, "pimentos": 691, "pineapple": 692, "pink food coloring": 693, "pinot grigio": 694, "pinto beans": 695, "pistachio": 696, "pistachios": 697, "pita bread": 698, "pitas": 699, "pizza": 700, "pizza dough": 701, "pizza sauce": 702, "plain greek yogurt": 703, "plain yogurt": 704, "plantain": 705, "plate only": 706, "plum": 707, "pluots": 708, "poached eggs": 709, "poblano chiles": 710, "poha": 711, "polenta": 712, "pollock": 713, "pomegranate": 714, "ponzu": 715, "poppy seeds": 716, "popsicle": 717, "porcini": 718, "pork": 719, "pork cutlet": 720, "pot roast": 721, "potato": 722, "potato chips": 723, "potatoes": 724, "potsticker wrappers": 725, "poultry": 726, "prawn": 727, "prego italian": 728, "preserves": 729, "pretzel": 730, "pretzel twists": 731, "prime rib": 732, "prosciutto": 733, "prune": 734, "pudding": 735, "puff": 736, "puff sheets": 737, "pullman loaf": 738, "pumpkin": 739, "pumpkin seeds": 740, "quark": 741, "queso anejo": 742, "queso fresco": 743, "quince": 744, "quinoa": 745, "radicchio": 746, "radish": 747, "radishes": 748, "ragu": 749, "rainbow sprinkles": 750, "raisins": 751, "ramen": 752, "ramp": 753, "ranch dressing": 754, "raspberries": 755, "ravioli": 756, "red beets": 757, "red chile": 758, "red chili": 759, "red enchilada": 760, "red food coloring": 761, "red rice": 762, "red sockeye": 763, "red wine": 764, "reduced soy": 765, "reese's peanut butter cups": 766, "regular": 767, "relish": 768, "rhubarb": 769, "rib": 770, "rib roast": 771, "rib rub": 772, "rib-eye roast": 773, "rice": 774, "rice noodles": 775, "rice wine": 776, "ricotta": 777, "risotto": 778, "roast": 779, "roast chicken": 780, "roast turkey": 781, "roasted pepitas": 782, "roasted potatoes": 783, "rock salt": 784, "rolls": 785, "rosemary": 786, "rosewater": 787, "rotini": 788, "roux": 789, "rum": 790, "safflower": 791, "saffron": 792, "sage": 793, "sake": 794, "salad": 795, "salami": 796, "salmon": 797, "salsa": 798, "salt": 799, "sambal chile": 800, "sambal ulek": 801, "sandwich": 802, "sandwich rolls": 803, "sandwich spread": 804, "sandwich thins": 805, "sandwich- bun": 806, "sandwiches": 807, "sashimi": 808, "satsuma": 809, "sauerkraut": 810, "sausage": 811, "sauterne": 812, "sauvignon blanc": 813, "savoiardi": 814, "savory": 815, "scallion greens": 816, "scallions": 817, "scallop": 818, "scotch bonnet chile": 819, "scrambled eggs": 820, "sea bream": 821, "seafood": 822, "seaweed": 823, "seeds": 824, "seitan": 825, "sel gris": 826, "semolina": 827, "serrano": 828, "serrano chile": 829, "sesame": 830, "shallot": 831, "shallots": 832, "shells": 833, "sherry": 834, "shichimi togarashi": 835, "shiitake": 836, "shiso": 837, "short rib": 838, "shortening": 839, "shoyu": 840, "shrimp": 841, "shrimp heads": 842, "shrimp scampi": 843, "shrimp uncook": 844, "sirloin": 845, "slaw": 846, "sloppy joe": 847, "snail shells": 848, "snails": 849, "snapper": 850, "snickers bars": 851, "snow peas": 852, "soda": 853, "soft corn tortillas": 854, "soft dinner rolls": 855, "soft rolls": 856, "sooji": 857, "soup": 858, "sour cream": 859, "sourdough": 860, "sourdough bread": 861, "soy": 862, "soy sauce": 863, "soybean sprouts": 864, "spaghetti": 865, "spam": 866, "speck": 867, "spices": 868, "spinach": 869, "spinach (cooked)": 870, "spinach (raw)": 871, "splenda": 872, "spray": 873, "spring greens": 874, "spring ragout": 875, "spring roll skins": 876, "spring roll wrappers": 877, "spring rolls": 878, "sprinkles": 879, "sprouts": 880, "squash": 881, "squid": 882, "sriracha": 883, "standing rib roast": 884, "starch": 885, "steak": 886, "stevia": 887, "stone-ground cornmeal": 888, "strained yogurt": 889, "strawberries": 890, "strip loin": 891, "stuffing": 892, "style corn": 893, "succotash": 894, "sugar": 895, "sumac": 896, "sun dried tomatoes": 897, "sunchokes": 898, "sunflower seeds": 899, "sunflower sprouts": 900, "surimi": 901, "sweet potato": 902, "sweetener": 903, "swerve sweetener": 904, "syrup": 905, "tabasco": 906, "taco": 907, "tacos": 908, "tahini": 909, "tallow": 910, "tamari": 911, "tangerine": 912, "tapioca": 913, "tarragon": 914, "tart cherries": 915, "tartar": 916, "tasso": 917, "tater tots": 918, "tatsoi": 919, "tea": 920, "tempeh": 921, "tempura": 922, "tenderizer": 923, "tenderloin": 924, "tentacles": 925, "tequila": 926, "teriyaki": 927, "teriyaki sauce": 928, "tex mex": 929, "thai chili": 930, "thickeners": 931, "thousand island dressing": 932, "thyme": 933, "tiger lily buds": 934, "tilapia": 935, "toast": 936, "toasted sourdough": 937, "tobiko": 938, "toffee": 939, "tofu": 940, "togarashi": 941, "tomatillo": 942, "tomato": 943, "tomatoes": 944, "top loin": 945, "tortilla": 946, "tortilla chips": 947, "tortilla shells": 948, "tortillas": 949, "tostada shells": 950, "tostones": 951, "tree ears": 952, "tripe": 953, "truffle": 954, "tumeric": 955, "tuna": 956, "tuna fillets": 957, "tuna salad": 958, "tuna water": 959, "turkey": 960, "turkey bacon": 961, "turmeric": 962, "turnip": 963, "turnips": 964, "tzatziki": 965, "udon": 966, "umeboshi": 967, "unagi": 968, "unflavored gelatin": 969, "usukuchi soy": 970, "vanilla": 971, "vanilla bean": 972, "vanilla essence": 973, "vanilla extract": 974, "vanilla flavoring": 975, "vanilla frosting": 976, "vanilla ice": 977, "vanilla pod": 978, "vanilla pudding": 979, "vanilla wafers": 980, "vanilla yogurt": 981, "veal": 982, "vegemite": 983, "vegetable oil": 984, "vegetables": 985, "velveeta": 986, "venison": 987, "verbena": 988, "vermicelli": 989, "vermouth": 990, "vidalia": 991, "vinaigrette": 992, "vinaigrette dressing": 993, "vinegar": 994, "vodka": 995, "wafer": 996, "waffle": 997, "waffle cones": 998, "waffle fries": 999, "waffles": 1000, "wagyu rib eye": 1001, "wakame": 1002, "walnuts": 1003, "wasabi": 1004, "water": 1005, "watermelon": 1006, "wheat": 1007, "wheat berry": 1008, "wheat bread": 1009, "wheat pita": 1010, "wheat tortillas": 1011, "whey": 1012, "whiskey": 1013, "white beans": 1014, "white frostings": 1015, "white grape": 1016, "white rice": 1017, "white wine": 1018, "wild rice": 1019, "wine": 1020, "wonton wrappers": 1021, "worcestershire": 1022, "xanthan gum": 1023, "xylitol sweetener": 1024, "yam": 1025, "yeast": 1026, "yellow cornmeal": 1027, "yellowfin tuna": 1028, "yellowtail": 1029, "yogurt": 1030, "yolk": 1031, "yuzu": 1032, "yuzukosho": 1033, "za'atar": 1034, "zest": 1035, "zucchini": 1036}