{"apple_pie": 0, "baby_back_ribs": 1, "baklava": 2, "beef_carpaccio": 3, "beef_tacos": 4, "beef_tartare": 5, "beet_salad": 6, "beignets": 7, "bibimbap": 8, "bread_pudding": 9, "breakfast_burrito": 10, "bruschetta": 11, "caesar_salad": 12, "cannoli": 13, "caprese_salad": 14, "carrot_cake": 15, "ceviche": 16, "cheese_plate": 17, "cheesecake": 18, "chicken_curry": 19, "chicken_quesadilla": 20, "chicken_wings": 21, "chocolate_cake": 22, "chocolate_ice_cream": 23, "chocolate_mousse": 24, "churros": 25, "clam_chowder": 26, "club_sandwich": 27, "crab_cakes": 28, "creme_brulee": 29, "croque_madame": 30, "cupcakes": 31, "deviled_eggs": 32, "donuts": 33, "dumplings": 34, "edamame": 35, "eggs_benedict": 36, "escargots": 37, "falafel": 38, "filet_mignon": 39, "fish_and_chips": 40, "foie_gras": 41, "french_fries": 42, "french_onion_soup": 43, "french_toast": 44, "fried_calamari": 45, "fried_rice": 46, "frozen_yogurt": 47, "garlic_bread": 48, "generic": 49, "gnocchi": 50, "greek_salad": 51, "grilled_cheese_sandwich": 52, "grilled_salmon": 53, "guacamole": 54, "gyoza": 55, "hamburger": 56, "hot_and_sour_soup": 57, "hot_dog": 58, "huevos_rancheros": 59, "hummus": 60, "lasagna": 61, "lobster_bisque": 62, "lobster_roll_sandwich": 63, "macaroni_and_cheese": 64, "macarons": 65, "miso_soup": 66, "mussels": 67, "nachos": 68, "omelette": 69, "onion_rings": 70, "oysters": 71, "pad_thai": 72, "paella": 73, "pancakes": 74, "panna_cotta": 75, "peking_duck": 76, "pho": 77, "pizza": 78, "pork_chop": 79, "poutine": 80, "prime_rib": 81, "pulled_pork_sandwich": 82, "ramen": 83, "ravioli": 84, "red_velvet_cake": 85, "risotto": 86, "samosa": 87, "sashimi": 88, "scallops": 89, "seaweed_salad": 90, "shrimp_and_grits": 91, "spaghetti_bolognese": 92, "spaghetti_carbonara": 93, "spring_rolls": 94, "steak": 95, "strawberry_shortcake": 96, "sushi": 97, "takoyaki": 98, "tiramisu": 99, "tuna_tartare": 100, "waffles": 101}